{
  "total_scales_tested": 3,
  "all_passed": true,
  "results": [
    {
      "scale": 1000,
      "queries": 5000,
      "mean_latency_ms": 0.00033352002501487734,
      "median_latency_ms": 0.000300002284348011,
      "p95_latency_ms": 0.000400003045797348,
      "p99_latency_ms": 0.000500003807246685,
      "min_latency_ms": 0.000200001522898674,
      "max_latency_ms": 0.021599989850074053,
      "cache_hit_rate": 1.0,
      "memory_pressure": 0.08133524179629534,
      "warmup_time_ms": 0.1297999988310039,
      "success": true
    },
    {
      "scale": 10000,
      "queries": 5000,
      "mean_latency_ms": 0.0005534000112675131,
      "median_latency_ms": 0.000500003807246685,
      "p95_latency_ms": 0.000800006091594696,
      "p99_latency_ms": 0.00100000761449337,
      "min_latency_ms": 0.00029994407668709755,
      "max_latency_ms": 0.010299962013959885,
      "cache_hit_rate": 1.0,
      "memory_pressure": 0.19491525018447783,
      "warmup_time_ms": 1.6947000403888524,
      "success": true
    },
    {
      "scale": 100000,
      "queries": 5000,
      "mean_latency_ms": 0.0007939600269310177,
      "median_latency_ms": 0.000800006091594696,
      "p95_latency_ms": 0.001100008375942707,
      "p99_latency_ms": 0.0012999516911804676,
      "min_latency_ms": 0.000300002284348011,
      "max_latency_ms": 0.009500014130026102,
      "cache_hit_rate": 1.0,
      "memory_pressure": 1.340602772691253,
      "warmup_time_ms": 2.243799972347915,
      "success": true
    }
  ]
}
