{
  "total_scales_tested": 3,
  "all_passed": true,
  "results": [
    {
      "scale": 1000,
      "queries": 100,
      "mean_latency_ms": 0.0001399405300617218,
      "median_latency_ms": 0.000100000761449337,
      "p95_latency_ms": 0.000300002284348011,
      "p99_latency_ms": 0.000600004568696022,
      "min_latency_ms": 0.0,
      "max_latency_ms": 0.000600004568696022,
      "success": true
    },
    {
      "scale": 10000,
      "queries": 100,
      "mean_latency_ms": 0.0002908415626734495,
      "median_latency_ms": 0.000300002284348011,
      "p95_latency_ms": 0.000500003807246685,
      "p99_latency_ms": 0.000700005330145359,
      "min_latency_ms": 0.000100000761449337,
      "max_latency_ms": 0.000700005330145359,
      "success": true
    },
    {
      "scale": 100000,
      "queries": 100,
      "mean_latency_ms": 0.0007843394996598363,
      "median_latency_ms": 0.000500003807246685,
      "p95_latency_ms": 0.000900996383279562,
      "p99_latency_ms": 0.023010012228041887,
      "min_latency_ms": 0.000200001522898674,
      "max_latency_ms": 0.023010012228041887,
      "success": true
    }
  ]
}
