{
  "total_scales_tested": 3,
  "all_passed": true,
  "results": [
    {
      "scale": 1000,
      "queries": 100,
      "mean_latency_ms": 0.00013301963917911053,
      "median_latency_ms": 0.000100000761449337,
      "p95_latency_ms": 0.000200001522898674,
      "p99_latency_ms": 0.000600004568696022,
      "min_latency_ms": 0.0,
      "max_latency_ms": 0.000600004568696022,
      "success": true
    },
    {
      "scale": 10000,
      "queries": 100,
      "mean_latency_ms": 0.00028104986995458603,
      "median_latency_ms": 0.000300002284348011,
      "p95_latency_ms": 0.00040105078369379044,
      "p99_latency_ms": 0.000700005330145359,
      "min_latency_ms": 0.000100000761449337,
      "max_latency_ms": 0.000700005330145359,
      "success": true
    },
    {
      "scale": 100000,
      "queries": 100,
      "mean_latency_ms": 0.0005985208554193377,
      "median_latency_ms": 0.0005990150384604931,
      "p95_latency_ms": 0.000800006091594696,
      "p99_latency_ms": 0.0017979764379560947,
      "min_latency_ms": 0.000200001522898674,
      "max_latency_ms": 0.0017979764379560947,
      "success": true
    }
  ]
}
