{
  "total_scales_tested": 3,
  "all_passed": true,
  "results": [
    {
      "scale": 1000,
      "queries": 5000,
      "mean_latency_ms": 0.0003740597516298294,
      "median_latency_ms": 0.00030011869966983795,
      "p95_latency_ms": 0.000500120222568512,
      "p99_latency_ms": 0.000800006091594696,
      "min_latency_ms": 0.000200001522898674,
      "max_latency_ms": 0.03200001083314419,
      "cache_hit_rate": 1.0,
      "memory_pressure": 0.08633276216537536,
      "warmup_time_ms": 0.15489989891648293,
      "success": true
    },
    {
      "scale": 10000,
      "queries": 5000,
      "mean_latency_ms": 0.0006310792174190283,
      "median_latency_ms": 0.000600004568696022,
      "p95_latency_ms": 0.00090012326836586,
      "p99_latency_ms": 0.0012998934835195541,
      "min_latency_ms": 0.000200001522898674,
      "max_latency_ms": 0.03629992716014385,
      "cache_hit_rate": 1.0,
      "memory_pressure": 0.19669666294761884,
      "warmup_time_ms": 1.626600045710802,
      "success": true
    },
    {
      "scale": 100000,
      "queries": 5000,
      "mean_latency_ms": 0.0009421216789633035,
      "median_latency_ms": 0.000800006091594696,
      "p95_latency_ms": 0.001300126314163208,
      "p99_latency_ms": 0.001600012183189392,
      "min_latency_ms": 0.000200001522898674,
      "max_latency_ms": 0.04429998807609081,
      "cache_hit_rate": 1.0,
      "memory_pressure": 1.323422301948746,
      "warmup_time_ms": 1.7726998776197433,
      "success": true
    }
  ]
}
