{
  "total_scales_tested": 3,
  "all_passed": true,
  "results": [
    {
      "scale": 1000,
      "queries": 5000,
      "mean_latency_ms": 0.0004169399850070477,
      "median_latency_ms": 0.000400003045797348,
      "p95_latency_ms": 0.000600004568696022,
      "p99_latency_ms": 0.000800006091594696,
      "min_latency_ms": 0.0002998858690261841,
      "max_latency_ms": 0.029499875381588936,
      "cache_hit_rate": 1.0,
      "memory_pressure": 0.08628493900394876,
      "warmup_time_ms": 0.15460001304745674,
      "success": true
    },
    {
      "scale": 10000,
      "queries": 5000,
      "mean_latency_ms": 0.000665319338440895,
      "median_latency_ms": 0.000600004568696022,
      "p95_latency_ms": 0.00100000761449337,
      "p99_latency_ms": 0.001100124791264534,
      "min_latency_ms": 0.0002998858690261841,
      "max_latency_ms": 0.031200004741549492,
      "cache_hit_rate": 1.0,
      "memory_pressure": 0.19700751349689175,
      "warmup_time_ms": 1.7749001272022724,
      "success": true
    },
    {
      "scale": 100000,
      "queries": 5000,
      "mean_latency_ms": 0.0009338213130831718,
      "median_latency_ms": 0.000800006091594696,
      "p95_latency_ms": 0.001200009137392044,
      "p99_latency_ms": 0.001400010660290718,
      "min_latency_ms": 0.00030011869966983795,
      "max_latency_ms": 0.036899931728839874,
      "cache_hit_rate": 1.0,
      "memory_pressure": 1.3239244451437253,
      "warmup_time_ms": 2.161300042644143,
      "success": true
    }
  ]
}
