{
  "total_scales_tested": 4,
  "all_passed": true,
  "results": [
    {
      "scale": 10000,
      "queries": 10000,
      "mean_latency_ms": 0.0006231299485079944,
      "median_latency_ms": 0.000600004568696022,
      "p95_latency_ms": 0.000900006853044033,
      "p99_latency_ms": 0.001100008375942707,
      "min_latency_ms": 0.00029994407668709755,
      "max_latency_ms": 0.03400002606213093,
      "cache_hit_rate": 1.0,
      "memory_pressure": 0.19436528382807192,
      "warmup_time_ms": 2.0044000120833516,
      "success": true
    },
    {
      "scale": 50000,
      "queries": 10000,
      "mean_latency_ms": 0.0009408699232153594,
      "median_latency_ms": 0.000800006091594696,
      "p95_latency_ms": 0.001400010660290718,
      "p99_latency_ms": 0.001800013706088066,
      "min_latency_ms": 0.00029994407668709755,
      "max_latency_ms": 0.023100001271814108,
      "cache_hit_rate": 1.0,
      "memory_pressure": 0.7041482288453049,
      "warmup_time_ms": 2.1619999897666276,
      "success": true
    },
    {
      "scale": 100000,
      "queries": 10000,
      "mean_latency_ms": 0.0010917698440607638,
      "median_latency_ms": 0.000900006853044033,
      "p95_latency_ms": 0.0014999532140791416,
      "p99_latency_ms": 0.001900014467537403,
      "min_latency_ms": 0.000300002284348011,
      "max_latency_ms": 0.032400013878941536,
      "cache_hit_rate": 1.0,
      "memory_pressure": 1.3977634063864006,
      "warmup_time_ms": 1.9308999762870371,
      "success": true
    },
    {
      "scale": 1000000,
      "queries": 10000,
      "mean_latency_ms": 0.001006170001346618,
      "median_latency_ms": 0.000900006853044033,
      "p95_latency_ms": 0.001300009898841381,
      "p99_latency_ms": 0.001600012183189392,
      "min_latency_ms": 0.000300002284348011,
      "max_latency_ms": 0.03130000550299883,
      "cache_hit_rate": 1.0,
      "memory_pressure": 12.795875921851216,
      "warmup_time_ms": 2.1664000232703984,
      "success": true
    }
  ]
}
